MG_RS00145,BBF10K_001465
pth,BBF10K_000966
MPN088,BBF10K_000837
rplQ,BBF10K_000934
MG_RS00535,BBF10K_001543
MG_RS01700,BBF10K_001752
MPN155a,BBF10K_000895
MG_RS02090,BBF10K_001820
MG_RS02485,BBF10K_001896
MPN291,BBF10K_001041
yidA,BBF10K_001128
MPN330,BBF10K_001079
MPN398,BBF10K_001146
MPN509,BBF10K_001255
MG_RS01760,BBF10K_001763
MG_RS00330,BBF10K_001502
MG_RS02815,BBF10K_001651
MPN369,BBF10K_001116
MG_RS01590,BBF10K_001735
MPN085,BBF10K_000834
MPN139,BBF10K_000880
pheS,BBF10K_000848
MPN534,BBF10K_001282
MG_RS02035,BBF10K_001809
MG_RS00385,BBF10K_001513
MG_RS00965,BBF10K_001625
MG_RS02580,BBF10K_001916
MG_RS01805,BBF10K_001772
spg,BBF10K_001318
MG_RS02345,BBF10K_001868
MPN030,BBF10K_000778
rplM,BBF10K_001369
MPN375,BBF10K_001121
yidA,BBF10K_001130
MG_RS02340,BBF10K_001867
nrdE,BBF10K_001073
MG_RS00925,BBF10K_001617
MPN329,BBF10K_001078
MPN349,BBF10K_001097
MG_RS02240,BBF10K_001848
MG_RS01070,BBF10K_001647
MPN335,BBF10K_001084
glpQ,BBF10K_001171
MG_RS02350,BBF10K_001869
polC,BBF10K_000782
rplS,BBF10K_001409
MPN297,BBF10K_001047
tklB,BBF10K_000831
MPN162,BBF10K_000903
MPN368,BBF10K_001115
MG_RS00340,BBF10K_001504
MPN431,BBF10K_001182
ppnK,BBF10K_001575
MPN177a,BBF10K_000919
MG_RS02260,BBF10K_001852
MPN485,BBF10K_001230
yibD,BBF10K_001228
MG_RS02505,BBF10K_001900
rbsC,BBF10K_001008
MG_RS00475,BBF10K_001531
MG_RS02830,BBF10K_001755
trsB,BBF10K_000776
nrdF,BBF10K_001071
MPN011,BBF10K_000759
MG_RS02185,BBF10K_001836
MPN103,BBF10K_000845
MPN469,BBF10K_001212
MG_RS02070,BBF10K_001816
MPN131,BBF10K_000871
devA,BBF10K_001434
rpmC,BBF10K_000914
MG_RS01660,BBF10K_001749
secA,BBF10K_000954
MG_RS02055,BBF10K_001813
MG_RS00170,BBF10K_001470
MG_RS01205,BBF10K_001673
MPN489a,BBF10K_001235
prfA,BBF10K_001110
MPN084,BBF10K_000833
MPN529,BBF10K_001277
MPN364,BBF10K_001113
MG_RS00085,BBF10K_001453
MG_RS02440,BBF10K_001887
MPN036,BBF10K_000784
MG_RS02245,BBF10K_001849
MPN663,BBF10K_001414
secY,BBF10K_000926
MG_RS01545,BBF10K_001726
MG_RS00065,BBF10K_001451
deoC,BBF10K_000812
MPN264,BBF10K_001012
ssb,BBF10K_000975
MG_RS02565,BBF10K_001913
ung,BBF10K_000981
MG_RS02845,BBF10K_001845
MG_RS02010,BBF10K_001804
MPN474,BBF10K_001217
MPN399,BBF10K_001147
MG_RS01400,BBF10K_001702
MPN423,BBF10K_001174
mraW,BBF10K_001063
MPN440,BBF10K_001189
MPN588,BBF10K_001339
MG_RS02000,BBF10K_001802
pfkA,BBF10K_001052
MG_RS02590,BBF10K_001918
MPN542,BBF10K_001292
rpsB,BBF10K_000952
pcrA,BBF10K_001089
rpmE,BBF10K_001109
MG_RS00615,BBF10K_001559
MG_RS00360,BBF10K_001508
MG_RS02480,BBF10K_001895
MPN591,BBF10K_001342
ldh,BBF10K_001426
MG_RS01470,BBF10K_001716
MPN283,BBF10K_001032
rplR,BBF10K_000923
MPN393a,BBF10K_001141
MG_RS02755,BBF10K_001950
trmE,BBF10K_000756
MG_RS00570,BBF10K_001550
MG_RS00585,BBF10K_001553
MG_RS01105,BBF10K_001655
MG_RS00090,BBF10K_001454
infC,BBF10K_000857
greA,BBF10K_001149
rpsM,BBF10K_000931
hrcA,BBF10K_000866
P65,BBF10K_001057
rpsR,BBF10K_000976
MG_RS00895,BBF10K_001611
serS,BBF10K_000753
MG_RS01605,BBF10K_001738
MG_RS01765,BBF10K_001764
MPN590,BBF10K_001341
MG_RS00280,BBF10K_001492
rplJ,BBF10K_001287
MPN316a,BBF10K_001065
cysS,BBF10K_001104
MPN638,BBF10K_001388
MPN006,BBF10K_000754
MG_RS01510,BBF10K_001720
fus,BBF10K_000973
MPN107,BBF10K_000850
degV,BBF10K_001415
fruK,BBF10K_000828
MG_RS01060,BBF10K_001645
MG_RS01330,BBF10K_001689
yb95,BBF10K_000768
MG_RS02145,BBF10K_001829
MG_RS00425,BBF10K_001521
MG_RS01380,BBF10K_001698
MG_RS00105,BBF10K_001457
MG_RS01095,BBF10K_001653
yyaF,BBF10K_000774
MPN129,BBF10K_000869
rpsO,BBF10K_001374
MPN337,BBF10K_001086
rpoB,BBF10K_001263
MG_RS02360,BBF10K_001871
recA,BBF10K_001236
MG_RS02315,BBF10K_001863
outB,BBF10K_001312
MPN372,BBF10K_001118
MG_RS01450,BBF10K_001712
MPN284,BBF10K_001033
arcC,BBF10K_001055
MPN625,BBF10K_001377
MG_RS00120,BBF10K_001460
MPN044a,BBF10K_000789
MG_RS02680,BBF10K_001935
MG_RS01775,BBF10K_001766
MG_RS00980,BBF10K_001629
MG_RS01425,BBF10K_001707
rplV,BBF10K_000911
MG_RS00910,BBF10K_001614
MG_RS00610,BBF10K_001558
MPN153a,BBF10K_000893
MG_RS00410,BBF10K_001518
MPN509a,BBF10K_001256
MG_RS02155,BBF10K_001830
MG_RS02600,BBF10K_001920
orf6,BBF10K_000883
MPN621,BBF10K_001373
MPN373,BBF10K_001119
ctaD,BBF10K_001203
hsdM,BBF10K_001091
lacA,BBF10K_001347
MG_RS02805,BBF10K_001628
plsB,BBF10K_001049
cpsG,BBF10K_000815
MPN027,BBF10K_000775
MG_RS00885,BBF10K_001609
MG_RS00315,BBF10K_001500
MG_RS00375,BBF10K_001511
MPN268,BBF10K_001016
MG_RS00130,BBF10K_001462
MPN086,BBF10K_000835
MG_RS00745,BBF10K_001584
MG_RS00765,BBF10K_001588
MG_RS00240,BBF10K_001484
MPN413,BBF10K_001164
oppB,BBF10K_000959
MG_RS00845,BBF10K_001601
MG_RS01820,BBF10K_001775
degV,BBF10K_001215
yefE,BBF10K_001028
MG_RS01065,BBF10K_001646
MPN544,BBF10K_001294
MG_RS01375,BBF10K_001697
grpE,BBF10K_000862
rpsH,BBF10K_000921
MG_RS01770,BBF10K_001765
MPN083,BBF10K_000832
MG_RS02730,BBF10K_001945
MG_RS01560,BBF10K_001729
MG_RS02525,BBF10K_001904
deoA,BBF10K_000813
gyrA,BBF10K_000752
yjfW,BBF10K_001239
MG_RS02140,BBF10K_001828
MPN130,BBF10K_000870
MPN528a,BBF10K_001276
MG_RS00140,BBF10K_001464
MG_RS00540,BBF10K_001544
uvrB,BBF10K_000955
MG_RS00325,BBF10K_001501
groEL,BBF10K_001323
MPN152,BBF10K_000891
cfxE,BBF10K_000997
potB,BBF10K_000804
licA,BBF10K_001280
nox,BBF10K_001142
MG_RS00565,BBF10K_001549
MG_RS00600,BBF10K_001556
MG_RS01385,BBF10K_001699
MPN585,BBF10K_001336
MG_RS02795,BBF10K_001493
MPN272,BBF10K_001022
secG,BBF10K_000988
MG_RS01520,BBF10K_001722
rpsN,BBF10K_001618
MG_RS00115,BBF10K_001459
MPN259,BBF10K_001007
MPN035,BBF10K_000783
obgE,BBF10K_001313
MPN587,BBF10K_001338
MPN408a,BBF10K_001157
MG_RS02265,BBF10K_001853
hsdS1B,BBF10K_001039
engB,BBF10K_001225
MPN143,BBF10K_000884
MG_RS02540,BBF10K_001907
MG_RS01310,BBF10K_001685
A65_orf266,BBF10K_001024
MPN205,BBF10K_000949
MPN359,BBF10K_001108
parB,BBF10K_000864
MPN680,BBF10K_001431
MG_RS00790,BBF10K_001590
clpB,BBF10K_001279
MPN060a,BBF10K_000809
sigA,BBF10K_001100
rplD,BBF10K_000907
MG_RS01355,BBF10K_001693
MG_RS00640,BBF10K_001564
MG_RS02160,BBF10K_001831
MG_RS01075,BBF10K_001648
mtlD,BBF10K_001402
MG_RS00935,BBF10K_001619
pgsA,BBF10K_000999
MPN077,BBF10K_000826
MPN500,BBF10K_001247
thyA,BBF10K_001069
ftsY,BBF10K_001176
MG_RS00045,BBF10K_001447
MG_RS00865,BBF10K_001605
MG_RS01515,BBF10K_001721
MG_RS02305,BBF10K_001861
MG_RS00420,BBF10K_001520
MPN548,BBF10K_001298
MPN408,BBF10K_001158
glnQ,BBF10K_000830
MPN643,BBF10K_001393
MG_RS02170,BBF10K_001833
nusG,BBF10K_000816
MPN138,BBF10K_000879
MG_RS01570,BBF10K_001731
MG_RS02375,BBF10K_001874
MG_RS01000,BBF10K_001633
MPN613,BBF10K_001365
MG_RS00345,BBF10K_001505
MG_RS00705,BBF10K_001577
MG_RS02255,BBF10K_001851
MG_RS00545,BBF10K_001545
MPN391a,BBF10K_001138
MG_RS02500,BBF10K_001899
ptsI,BBF10K_001379
rpsC,BBF10K_000912
MG_RS00635,BBF10K_001563
MG_RS01755,BBF10K_001762
MG_RS01350,BBF10K_001692
MPN149,BBF10K_000888
MPN555,BBF10K_001305
MPN271,BBF10K_001020
MG_RS02215,BBF10K_001842
MG_RS02520,BBF10K_001903
MG_RS02005,BBF10K_001803
MG_RS01790,BBF10K_001769
MG_RS00650,BBF10K_001566
MG_RS00460,BBF10K_001528
MG_RS01460,BBF10K_001714
nusA,BBF10K_000894
MPN095,BBF10K_000841
MG_RS00960,BBF10K_001624
MG_RS01695,BBF10K_001751
yjfU,BBF10K_001241
MPN670,BBF10K_001421
MG_RS01430,BBF10K_001708
MG_RS02455,BBF10K_001890
MG_RS00035,BBF10K_001445
MG_RS02065,BBF10K_001815
MG_RS02020,BBF10K_001806
MG_RS00595,BBF10K_001555
yaaK,BBF10K_001025
MPN592,BBF10K_001343
MG_RS00720,BBF10K_001579
MG_RS02545,BBF10K_001909
MG_RS00490,BBF10K_001534
MG_RS01640,BBF10K_001745
MG_RS01620,BBF10K_001741
MG_RS01435,BBF10K_001709
MPN010,BBF10K_000758
MPN049,BBF10K_000797
MG_RS00675,BBF10K_001571
lspA,BBF10K_001043
MG_RS00940,BBF10K_001620
MPN365,BBF10K_001114
MG_RS01870,BBF10K_001785
MPN313,BBF10K_001061
MPN577,BBF10K_001327
rpmG,BBF10K_000818
MG_RS00205,BBF10K_001477
pyk,BBF10K_001053
MPN241,BBF10K_000987
MG_RS00175,BBF10K_001471
MPN626,BBF10K_001378
MG_RS00100,BBF10K_001456
P69,BBF10K_001168
MPN640,BBF10K_001390
rpmI,BBF10K_000858
MG_RS02570,BBF10K_001914
MPN589,BBF10K_001340
MG_RS01320,BBF10K_001687
hmw3,BBF10K_001200
mnmA,BBF10K_001173
fmt,BBF10K_001293
mtlF,BBF10K_001403
MG_RS01575,BBF10K_001732
MG_RS00955,BBF10K_001623
MG_RS01415,BBF10K_001705
MPN468,BBF10K_001211
MG_RS02640,BBF10K_001928
MPN052,BBF10K_000800
MG_RS02310,BBF10K_001862
MPN132,BBF10K_000872
MG_RS00760,BBF10K_001587
MPN522,BBF10K_001269
MPN200a,BBF10K_000944
MPN514,BBF10K_001261
atpF,BBF10K_001354
MPN552,BBF10K_001302
MG_RS00820,BBF10K_001596
MG_RS02230,BBF10K_001846
MG_RS00530,BBF10K_001542
nifS,BBF10K_001231
MG_RS01980,BBF10K_001798
pheT,BBF10K_000849
alaS,BBF10K_001170
ktrB,BBF10K_001205
cdd,BBF10K_000814
MPN569,BBF10K_001319
MG_RS00495,BBF10K_001535
MPN650,BBF10K_001400
MPN126,BBF10K_000868
pepF,BBF10K_000940
MPN201,BBF10K_000946
MG_RS00905,BBF10K_001613
rpsT,BBF10K_001291
rpsF,BBF10K_000974
MG_RS02460,BBF10K_001891
MPN436a,BBF10K_001188
nfo,BBF10K_001077
MG_RS00575,BBF10K_001551
MG_RS00165,BBF10K_001469
MPN554,BBF10K_001304
yidA,BBF10K_001178
MPN312,BBF10K_001060
ugpA,BBF10K_000875
atpE,BBF10K_001355
polA,BBF10K_001126
MPN133,BBF10K_000873
frr,BBF10K_001386
MPN502,BBF10K_001249
lig,BBF10K_001106
MG_RS02080,BBF10K_001818
MPN594,BBF10K_001346
MPN157,BBF10K_000898
MG_RS00155,BBF10K_001467
MG_RS01295,BBF10K_001683
MPN592a,BBF10K_001344
MPN135a,BBF10K_000876
MG_RS00025,BBF10K_001443
rbfA,BBF10K_000897
MG_RS01985,BBF10K_001799
MPN501,BBF10K_001248
eutD,BBF10K_001179
cdsA,BBF10K_001387
MPN087,BBF10K_000836
MG_RS00750,BBF10K_001585
fruA,BBF10K_000827
MG_RS00970,BBF10K_001626
mucB,BBF10K_001286
upp,BBF10K_000781
MPN195,BBF10K_000938
pdhD,BBF10K_001136
MPN507,BBF10K_001253
MG_RS00660,BBF10K_001568
MPN248,BBF10K_000994
MPN351,BBF10K_001099
MPN012,BBF10K_000760
MG_RS00890,BBF10K_001610
MG_RS00680,BBF10K_001572
metS,BBF10K_000771
MPN405,BBF10K_001153
MG_RS00400,BBF10K_001516
MG_RS00135,BBF10K_001463
MPN256a,BBF10K_001004
MPN256,BBF10K_001003
MG_RS01610,BBF10K_001739
MG_RS01875,BBF10K_001786
MPN058,BBF10K_000806
pdhA,BBF10K_001140
MPN463,BBF10K_001208
MPN482a,BBF10K_001226
MG_RS01645,BBF10K_001746
MPN444,BBF10K_001192
MG_RS00055,BBF10K_001449
lon,BBF10K_001081
grs1,BBF10K_001102
amiD,BBF10K_000960
spoT,BBF10K_001145
MG_RS00920,BBF10K_001616
MPN583,BBF10K_001333
glpF,BBF10K_000788
MPN666,BBF10K_001417
oppF,BBF10K_000962
ptsG,BBF10K_000951
MG_RS02835,BBF10K_001757
MG_RS00405,BBF10K_001517
tuf,BBF10K_001416
MG_RS00665,BBF10K_001569
MPN655,BBF10K_001405
MPN376,BBF10K_001122
MPN583a,BBF10K_001334
MG_RS01625,BBF10K_001742
MPN121,BBF10K_000863
MPN657,BBF10K_001408
acpS,BBF10K_001048
MG_RS01690,BBF10K_001750
MG_RS02490,BBF10K_001897
MG_RS00670,BBF10K_001570
MG_RS01815,BBF10K_001774
MPN488a,BBF10K_001233
MG_RS01635,BBF10K_001744
MG_RS01780,BBF10K_001767
MPN527,BBF10K_001274
araD,BBF10K_001245
MG_RS01365,BBF10K_001695
MG_RS00815,BBF10K_001595
rpmH,BBF10K_001433
MPN080,BBF10K_000829
MG_RS00180,BBF10K_001472
MG_RS00390,BBF10K_001514
MPN280,BBF10K_001031
atpC,BBF10K_001883
MPN090,BBF10K_000839
MG_RS01865,BBF10K_001784
MPN579,BBF10K_001329
MG_RS02515,BBF10K_001902
MPN414,BBF10K_001165
MG_RS00700,BBF10K_001576
MG_RS02100,BBF10K_001822
MG_RS01650,BBF10K_001747
MG_RS02575,BBF10K_001915
MPN512,BBF10K_001259
MPN426,BBF10K_001177
MG_RS01525,BBF10K_001723
gcp,BBF10K_000807
mtlA,BBF10K_001401
MG_RS02535,BBF10K_001906
MG_RS02435,BBF10K_001886
MG_RS01100,BBF10K_001654
tpiA,BBF10K_001381
pstA,BBF10K_001362
MPN144,BBF10K_000885
ugpE,BBF10K_000877
pyrH,BBF10K_001384
MPN489,BBF10K_001234
MG_RS01550,BBF10K_001727
MG_RS02470,BBF10K_001893
ileS,BBF10K_001267
MG_RS01055,BBF10K_001644
rpsU,BBF10K_001046
MPN551,BBF10K_001301
MG_RS02120,BBF10K_001826
MG_RS00015,BBF10K_001441
MG_RS01195,BBF10K_001671
MG_RS02085,BBF10K_001819
MPN344,BBF10K_001093
MG_RS02280,BBF10K_001856
MG_RS02060,BBF10K_001814
tdk,BBF10K_000790
cpt2,BBF10K_000856
MPN234,BBF10K_000980
MG_RS01785,BBF10K_001768
MG_RS02685,BBF10K_001936
lepA,BBF10K_001030
MG_RS01185,BBF10K_001669
MG_RS02275,BBF10K_001855
MG_RS01600,BBF10K_001737
MG_RS01655,BBF10K_001748
MG_RS01405,BBF10K_001703
MPN382,BBF10K_001129
MG_RS01290,BBF10K_001682
glpD,BBF10K_000799
MG_RS01395,BBF10K_001701
infA,BBF10K_000929
MPN161,BBF10K_000902
MPN410,BBF10K_001160
MPN286,BBF10K_001035
rpmJ,BBF10K_000930
MG_RS02205,BBF10K_001840
hsdS,BBF10K_000838
MPN647,BBF10K_001397
MPN539a,BBF10K_001289
K05_orf499,BBF10K_001412
MPN505,BBF10K_001251
rpmA,BBF10K_001076
ptsH,BBF10K_000801
MG_RS00860,BBF10K_001604
MPN374,BBF10K_001120
MG_RS02165,BBF10K_001832
MPN310,BBF10K_001058
MPN462,BBF10K_001207
gyrB,BBF10K_000751
MG_RS00755,BBF10K_001586
MPN218a,BBF10K_000963
dhfr,BBF10K_001070
MG_RS01370,BBF10K_001696
MG_RS00195,BBF10K_001475
uvrA,BBF10K_001371
dnaE,BBF10K_001101
MPN148,BBF10K_000887
dnaE,BBF10K_001125
MG_RS01155,BBF10K_001663
infB,BBF10K_000896
MG_RS00465,BBF10K_001529
rpsL,BBF10K_000970
MG_RS01345,BBF10K_001691
rplW,BBF10K_000908
MG_RS02040,BBF10K_001810
MG_RS01280,BBF10K_001680
MPN385,BBF10K_001132
MG_RS01885,BBF10K_001788
MG_RS01360,BBF10K_001694
MG_RS02645,BBF10K_001929
MG_RS02675,BBF10K_001934
MPN363,BBF10K_001112
yabB,BBF10K_001062
smpB,BBF10K_000823
cbiO,BBF10K_000935
MPN370,BBF10K_001117
MG_RS00875,BBF10K_001607
MG_RS01135,BBF10K_001660
MG_RS00730,BBF10K_001581
MPN611,BBF10K_001363
MG_RS00830,BBF10K_001598
rplC,BBF10K_000906
MPN672a,BBF10K_001423
MG_RS01160,BBF10K_001664
MG_RS00625,BBF10K_001561
ptc1,BBF10K_000993
MPN635,BBF10K_001385
topA,BBF10K_001009
MG_RS00125,BBF10K_001461
MPN580,BBF10K_001330
MG_RS01170,BBF10K_001666
rplU,BBF10K_001074
atpC,BBF10K_001349
MG_RS02405,BBF10K_001880
MPN453,BBF10K_001201
MPN306,BBF10K_001054
MG_RS01810,BBF10K_001773
gidB,BBF10K_001308
dnaE,BBF10K_000762
MG_RS02690,BBF10K_001937
MG_RS00310,BBF10K_001499
gtaB,BBF10K_001418
MPN646,BBF10K_001396
yfiB,BBF10K_001382
rpmB,BBF10K_001376
MPN376a,BBF10K_001123
orf7,BBF10K_001198
MG_RS00365,BBF10K_001509
MG_RS00470,BBF10K_001530
MPN479,BBF10K_001223
MPN649,BBF10K_001399
MG_RS02670,BBF10K_001933
MG_RS01750,BBF10K_001761
MG_RS01725,BBF10K_001758
MG_RS01800,BBF10K_001771
MG_RS00770,BBF10K_001589
trx,BBF10K_001011
MPN687,BBF10K_001438
MPN271a,BBF10K_001021
deoD,BBF10K_000811
atpA,BBF10K_001352
ygiH,BBF10K_001098
ackA,BBF10K_001281
MG_RS02220,BBF10K_001843
MG_RS00995,BBF10K_001632
MG_RS01090,BBF10K_001652
MG_RS01230,BBF10K_001678
MPN524,BBF10K_001271
eno,BBF10K_001358
MG_RS00435,BBF10K_001523
MPN290,BBF10K_001040
efp,BBF10K_000777
MPN513,BBF10K_001260
MG_RS00210,BBF10K_001478
MG_RS02550,BBF10K_001910
MG_RS02410,BBF10K_001881
yabF,BBF10K_000821
rpmG,BBF10K_001214
MG_RS01965,BBF10K_001795
MG_RS00445,BBF10K_001525
bcrA,BBF10K_001083
MPN070,BBF10K_000819
MPN387,BBF10K_001134
MG_RS01420,BBF10K_001706
MG_RS01305,BBF10K_001684
MPN645,BBF10K_001395
ksgA,BBF10K_001430
MG_RS02710,BBF10K_001941
MPN253a,BBF10K_001000
osmC,BBF10K_001419
MG_RS02330,BBF10K_001865
rpsS,BBF10K_000910
MPN584,BBF10K_001335
MPN137,BBF10K_000878
MPN118,BBF10K_000860
MPN448,BBF10K_001196
MG_RS01850,BBF10K_001781
MG_RS00455,BBF10K_001527
MPN582,BBF10K_001332
scpA,BBF10K_001050
MG_RS02850,BBF10K_001908
MG_RS00060,BBF10K_001450
engA,BBF10K_001219
MPN641,BBF10K_001391
MG_RS02735,BBF10K_001946
MPN343,BBF10K_001092
MPN153,BBF10K_000892
MG_RS00215,BBF10K_001479
MPN042,BBF10K_000787
MG_RS01340,BBF10K_001690
MG_RS01530,BBF10K_001724
rplL,BBF10K_001288
MPN346,BBF10K_001094
lcnDR3,BBF10K_001321
cmk,BBF10K_001220
MG_RS01410,BBF10K_001704
dnaB,BBF10K_000978
MPN510,BBF10K_001257
MG_RS01500,BBF10K_001718
MPN644,BBF10K_001394
yjeQ,BBF10K_000995
yabD,BBF10K_000757
MG_RS01315,BBF10K_001686
lplA,BBF10K_001135
MPN410a,BBF10K_001161
MG_RS02750,BBF10K_001949
MG_RS00235,BBF10K_001483
MPN675,BBF10K_001427
MPN311,BBF10K_001059
MPN163,BBF10K_000904
ysxB,BBF10K_001075
MG_RS01830,BBF10K_001777
MPN511,BBF10K_001258
MG_RS01210,BBF10K_001674
gatB,BBF10K_000984
MG_RS00305,BBF10K_001498
MG_RS00805,BBF10K_001593
def,BBF10K_000991
MG_RS02745,BBF10K_001948
ftsH,BBF10K_001422
udk,BBF10K_001311
MG_RS02190,BBF10K_001837
MPN421,BBF10K_001172
MG_RS01180,BBF10K_001668
F11_orf887,BBF10K_001144
cysA,BBF10K_001436
MG_RS02530,BBF10K_001905
MG_RS02740,BBF10K_001947
MG_RS02210,BBF10K_001841
MG_RS00225,BBF10K_001481
MG_RS02760,BBF10K_001951
mte1,BBF10K_000941
xdj1,BBF10K_000750
MG_RS01150,BBF10K_001662
MPN477,BBF10K_001221
tsf,BBF10K_001383
MG_RS02445,BBF10K_001888
MPN570,BBF10K_001320
MG_RS02355,BBF10K_001870
P37,BBF10K_001166
ygl1,BBF10K_001014
MPN339,BBF10K_001088
MG_RS00020,BBF10K_001442
MPN013,BBF10K_000761
MG_RS01165,BBF10K_001665
MPN586,BBF10K_001337
soj,BBF10K_001439
ruvB,BBF10K_001285
MG_RS00825,BBF10K_001597
MPN484,BBF10K_001229
leuS,BBF10K_001131
MG_RS02285,BBF10K_001857
MG_RS02695,BBF10K_001938
deaD,BBF10K_001375
MPN032,BBF10K_000780
MG_RS00500,BBF10K_001536
MPN605,BBF10K_001357
MPN525,BBF10K_001272
yacA,BBF10K_000967
yacO,BBF10K_001103
MG_RS02095,BBF10K_001821
pmsR,BBF10K_001359
MPN270,BBF10K_001019
MG_RS01120,BBF10K_001658
MPN456,BBF10K_001204
MPN214,BBF10K_000958
MG_RS02270,BBF10K_001854
MG_RS00950,BBF10K_001622
MPN037,BBF10K_000785
MG_RS01115,BBF10K_001657
truA,BBF10K_000939
MG_RS02510,BBF10K_001901
atpB,BBF10K_001356
lip2,BBF10K_001216
rpoA,BBF10K_000933
MG_RS02225,BBF10K_001844
MG_RS01795,BBF10K_001770
MPN338,BBF10K_001087
MPN318,BBF10K_001067
MG_RS00265,BBF10K_001489
hlyC,BBF10K_000900
MPN104a,BBF10K_000847
MG_RS00850,BBF10K_001602
MPN109,BBF10K_000852
MG_RS00260,BBF10K_001488
rplP,BBF10K_000913
MG_RS00415,BBF10K_001519
potI,BBF10K_000805
MG_RS01475,BBF10K_001717
plsX,BBF10K_001296
MG_RS01045,BBF10K_001642
MPN673,BBF10K_001425
MG_RS02180,BBF10K_001835
MG_RS02465,BBF10K_001892
MG_RS00985,BBF10K_001630
MG_RS02715,BBF10K_001942
MPN287,BBF10K_001036
secE,BBF10K_000817
MPN276,BBF10K_001026
MG_RS02620,BBF10K_001924
MG_RS02560,BBF10K_001912
MG_RS01975,BBF10K_001797
MPN111,BBF10K_000854
MG_RS00275,BBF10K_001491
MG_RS00550,BBF10K_001546
MG_RS00915,BBF10K_001615
MG_RS01745,BBF10K_001760
MG_RS02290,BBF10K_001858
MG_RS00515,BBF10K_001539
rplN,BBF10K_000916
MG_RS02430,BBF10K_001885
MPN655a,BBF10K_001407
ywdF,BBF10K_000824
MG_RS02295,BBF10K_001859
MPN362,BBF10K_001111
MPN038,BBF10K_000786
MG_RS00440,BBF10K_001524
MPN497,BBF10K_001244
MG_RS01925,BBF10K_001794
MPN407,BBF10K_001156
uvrC,BBF10K_000867
MG_RS02400,BBF10K_001879
phoU,BBF10K_001360
rpsE,BBF10K_000924
glpQ,BBF10K_001316
MPN578,BBF10K_001328
MG_RS00370,BBF10K_001510
argS,BBF10K_001306
MPN199,BBF10K_000942
MPN255,BBF10K_001002
MG_RS01175,BBF10K_001667
ppa,BBF10K_001275
MPN112,BBF10K_000855
MPN403,BBF10K_001151
trxB,BBF10K_000986
MG_RS01710,BBF10K_001754
scpB,BBF10K_001051
MPN200,BBF10K_000945
MPN409,BBF10K_001159
parC,BBF10K_000865
MPN648,BBF10K_001398
MPN491,BBF10K_001237
dnaJ,BBF10K_000769
MPN404,BBF10K_001152
rimK,BBF10K_000764
glyA,BBF10K_001326
MG_RS00040,BBF10K_001446
MPN316,BBF10K_001064
MG_RS02705,BBF10K_001940
trmD,BBF10K_001410
MG_RS01140,BBF10K_001661
MG_RS00735,BBF10K_001582
prrB,BBF10K_001034
gidA,BBF10K_001307
MG_RS02335,BBF10K_001866
MG_RS00645,BBF10K_001565
MPN530,BBF10K_001278
MG_RS00200,BBF10K_001476
MPN559,BBF10K_001309
MG_RS01050,BBF10K_001643
MPN639,BBF10K_001389
MG_RS00990,BBF10K_001631
MG_RS00630,BBF10K_001562
MG_RS01020,BBF10K_001637
rplB,BBF10K_000909
ugpC,BBF10K_000874
MPN048,BBF10K_000796
MPN488,BBF10K_001232
MG_RS00520,BBF10K_001540
groES,BBF10K_001324
MG_RS00185,BBF10K_001473
MPN482,BBF10K_001227
MPN474a,BBF10K_001218
MPN550,BBF10K_001300
MG_RS00245,BBF10K_001485
MPN288,BBF10K_001037
MG_RS00590,BBF10K_001554
mgtA,BBF10K_000953
MG_RS00450,BBF10K_001526
MG_RS00050,BBF10K_001448
rpsN,BBF10K_000920
prs,BBF10K_000822
lgt,BBF10K_000969
adk,BBF10K_000927
MPN596,BBF10K_001348
MG_RS01720,BBF10K_001756
MG_RS00255,BBF10K_001487
MG_RS01035,BBF10K_001640
ulaD,BBF10K_001240
MG_RS00605,BBF10K_001557
MPN478,BBF10K_001222
MG_RS02425,BBF10K_001884
dnaX,BBF10K_001370
proS,BBF10K_001150
MPN677,BBF10K_001428
MPN202,BBF10K_000947
MG_RS02045,BBF10K_001811
MG_RS00290,BBF10K_001495
dnaK,BBF10K_001185
MPN348,BBF10K_001096
MG_RS02370,BBF10K_001873
MPN236,BBF10K_000982
MPN495,BBF10K_001242
MPN151,BBF10K_000890
MG_RS01905,BBF10K_001792
lysS,BBF10K_001027
MPN612,BBF10K_001364
MG_RS00555,BBF10K_001547
MPN288a,BBF10K_001038
MG_RS01705,BBF10K_001753
lip3,BBF10K_001266
MG_RS00160,BBF10K_001468
uhpT,BBF10K_000825
MG_RS02725,BBF10K_001944
MPN308,BBF10K_001056
MG_RS01840,BBF10K_001779
tyrS,BBF10K_001420
gap1,BBF10K_001068
apt,BBF10K_001143
MPN204,BBF10K_000948
trpS,BBF10K_001013
MG_RS01445,BBF10K_001711
cbiO,BBF10K_001184
MG_RS01455,BBF10K_001713
P29,BBF10K_001167
MPN465a,BBF10K_001210
MG_RS02585,BBF10K_001917
aspS,BBF10K_000792
MG_RS01585,BBF10K_001734
MG_RS00250,BBF10K_001486
MPN254,BBF10K_001001
yjcW,BBF10K_001006
MPN225a,BBF10K_000971
rpsD,BBF10K_001194
lig,BBF10K_001105
MG_RS00220,BBF10K_001480
hpt,BBF10K_001424
MG_RS02235,BBF10K_001847
MPN212,BBF10K_000956
pstB,BBF10K_001361
A65_orf475,BBF10K_001010
MPN160,BBF10K_000901
MPN565,BBF10K_001315
MPN244,BBF10K_000990
MPN508,BBF10K_001254
MG_RS00395,BBF10K_001515
MG_RS00870,BBF10K_001606
MG_RS02765,BBF10K_001952
MPN047,BBF10K_000793
rpoC,BBF10K_001262
MG_RS02050,BBF10K_001812
MPN547,BBF10K_001297
gatA,BBF10K_000983
MG_RS00300,BBF10K_001497
MG_RS02475,BBF10K_001894
MG_RS00190,BBF10K_001474
map,BBF10K_000928
MG_RS00010,BBF10K_001440
pgi,BBF10K_000996
ffh,BBF10K_000810
F10_orf750,BBF10K_001082
MPN454,BBF10K_001202
yceC,BBF10K_001042
MG_RS01565,BBF10K_001730
MG_RS00485,BBF10K_001533
gltX,BBF10K_001429
MPN526,BBF10K_001273
MPN269a,BBF10K_001018
MG_RS02660,BBF10K_001931
MG_RS00685,BBF10K_001573
lip3,BBF10K_001193
MG_RS02365,BBF10K_001872
MPN400,BBF10K_001148
MPN295,BBF10K_001045
MG_RS02840,BBF10K_001817
P200,BBF10K_001317
MG_RS02300,BBF10K_001860
MG_RS01595,BBF10K_001736
MPN110,BBF10K_000853
mutB1,BBF10K_001090
MG_RS00880,BBF10K_001608
gap,BBF10K_001181
MG_RS01580,BBF10K_001733
rplK,BBF10K_000964
MG_RS00795,BBF10K_001591
MG_RS02605,BBF10K_001921
oppD,BBF10K_000961
MG_RS00525,BBF10K_001541
rplI,BBF10K_000977
MPN194a,BBF10K_000937
MG_RS00715,BBF10K_001578
MG_RS01890,BBF10K_001789
potA,BBF10K_000803
MG_RS02030,BBF10K_001808
tsr,BBF10K_000773
MG_RS00295,BBF10K_001496
MPN048a,BBF10K_000795
MPN549,BBF10K_001299
ulaA,BBF10K_001243
MG_RS01970,BBF10K_001796
rplX,BBF10K_000917
MPN684,BBF10K_001435
MPN101,BBF10K_000844
MG_RS01110,BBF10K_001656
orf4,BBF10K_000881
MG_RS02320,BBF10K_001864
MPN015,BBF10K_000763
MPN405a,BBF10K_001154
MG_RS01880,BBF10K_001787
pmd1,BBF10K_000766
MG_RS01080,BBF10K_001649
MPN150,BBF10K_000889
MG_RS01190,BBF10K_001670
MG_RS01015,BBF10K_001636
MPN411,BBF10K_001162
asnC,BBF10K_000998
MG_RS00945,BBF10K_001621
MG_RS02450,BBF10K_001889
cbiO,BBF10K_000936
MG_RS00270,BBF10K_001490
hmw1,BBF10K_001195
MG_RS00740,BBF10K_001583
thrSv,BBF10K_001303
hit1,BBF10K_001023
rplO,BBF10K_000925
MG_RS01025,BBF10K_001638
MG_RS02175,BBF10K_001834
MPN094,BBF10K_000840
msbA,BBF10K_000767
MG_RS00110,BBF10K_001458
MG_RS01465,BBF10K_001715
MG_RS01730,BBF10K_001759
rpsQ,BBF10K_000915
MG_RS01010,BBF10K_001635
MG_RS02415,BBF10K_001882
yabC,BBF10K_000820
MG_RS02700,BBF10K_001939
atpH,BBF10K_001353
MPN523,BBF10K_001270
rplT,BBF10K_000859
MPN491a,BBF10K_001238
MPN223,BBF10K_000968
MG_RS02610,BBF10K_001922
MG_RS01275,BBF10K_001679
rpmF,BBF10K_001290
holB,BBF10K_000755
ylxM,BBF10K_001175
yaaC,BBF10K_000899
MPN435,BBF10K_001186
MG_RS00975,BBF10K_001627
pdhC,BBF10K_001137
pip,BBF10K_000770
rbgA,BBF10K_001406
MG_RS00620,BBF10K_001560
glpK,BBF10K_000798
MG_RS02635,BBF10K_001927
MG_RS00560,BBF10K_001548
MG_RS02615,BBF10K_001923
MG_RS00285,BBF10K_001494
MG_RS00350,BBF10K_001506
MG_RS01225,BBF10K_001677
ysr1,BBF10K_001017
MPN213,BBF10K_000957
MG_RS00505,BBF10K_001537
valS,BBF10K_001224
MG_RS01505,BBF10K_001719
atpG,BBF10K_001351
deaD,BBF10K_001191
glyA,BBF10K_001878
adh,BBF10K_001314
MG_RS00810,BBF10K_001594
ygl3,BBF10K_001268
MPN347a,BBF10K_001095
MPN294,BBF10K_001044
MG_RS01215,BBF10K_001675
MG_RS02015,BBF10K_001805
atpD,BBF10K_001350
rpsJ,BBF10K_000905
vacB,BBF10K_000989
rpsG,BBF10K_000972
MG_RS01200,BBF10K_001672
MG_RS00855,BBF10K_001603
pgm,BBF10K_001380
MG_RS00900,BBF10K_001612
MG_RS01440,BBF10K_001710
MG_RS02195,BBF10K_001838
rpoE,BBF10K_000772
hsdS,BBF10K_001367
MPN575,BBF10K_001325
MG_RS02770,BBF10K_001953
MPN096,BBF10K_000842
MG_RS01535,BBF10K_001725
MG_RS00690,BBF10K_001574
mtd1,BBF10K_000765
MG_RS02025,BBF10K_001807
MG_RS00580,BBF10K_001552
MG_RS01895,BBF10K_001790
tig,BBF10K_001080
MG_RS01285,BBF10K_001681
MG_RS01390,BBF10K_001700
MG_RS02495,BBF10K_001898
MG_RS02115,BBF10K_001825
MG_RS02200,BBF10K_001839
MPN119,BBF10K_000861
MPN572,BBF10K_001322
MPN419,BBF10K_001169
MPN614,BBF10K_001366
MG_RS01920,BBF10K_001793
MPN518,BBF10K_001265
rpsK,BBF10K_000932
MPN620,BBF10K_001372
MG_RS01860,BBF10K_001783
MG_RS02555,BBF10K_001911
MG_RS02665,BBF10K_001932
rpsP,BBF10K_001411
rnc,BBF10K_001295
MPN654,BBF10K_001404
MPN207a,BBF10K_000950
MG_RS00510,BBF10K_001538
MPN406,BBF10K_001155
MG_RS02390,BBF10K_001877
MPN358,BBF10K_001107
MPN145,BBF10K_000886
MPN108,BBF10K_000851
MG_RS01845,BBF10K_001780
nrdI,BBF10K_001072
MG_RS01900,BBF10K_001791
orf8,BBF10K_001197
MG_RS00800,BBF10K_001592
MG_RS00655,BBF10K_001567
MG_RS01005,BBF10K_001634
MG_RS00335,BBF10K_001503
MPN441,BBF10K_001190
MG_RS00230,BBF10K_001482
rnpA,BBF10K_001432
MG_RS01125,BBF10K_001659
MG_RS00725,BBF10K_001580
come3,BBF10K_001199
rplA,BBF10K_000965
MPN239,BBF10K_000985
MG_RS02250,BBF10K_001850
MG_RS01855,BBF10K_001782
rpsI,BBF10K_001368
MPN593,BBF10K_001345
MG_RS02130,BBF10K_001827
MG_RS01040,BBF10K_001641
MPN054,BBF10K_000802
MG_RS00080,BBF10K_001452
P1,BBF10K_000882
MPN047a,BBF10K_000794
MG_RS00430,BBF10K_001522
rplF,BBF10K_000922
MG_RS01030,BBF10K_001639
MG_RS00030,BBF10K_001444
MG_RS01630,BBF10K_001743
MG_RS02655,BBF10K_001930
MG_RS02625,BBF10K_001925
MG_RS00355,BBF10K_001507
MPN534a,BBF10K_001283
MG_RS02385,BBF10K_001876
MPN377,BBF10K_001124
MG_RS01825,BBF10K_001776
pilB,BBF10K_001413
MG_RS02630,BBF10K_001926
nadD,BBF10K_001085
MPN104,BBF10K_000846
MG_RS02720,BBF10K_001943
arcA,BBF10K_001310
pgk,BBF10K_001180
MPN031,BBF10K_000779
MPN581,BBF10K_001331
ruvA,BBF10K_001284
MPN412,BBF10K_001163
MG_RS00480,BBF10K_001532
ktrA,BBF10K_001206
MG_RS02595,BBF10K_001919
MG_RS01325,BBF10K_001688
rplE,BBF10K_000918
MG_RS00840,BBF10K_001600
pepX,BBF10K_001213
MG_RS01085,BBF10K_001650
MG_RS02105,BBF10K_001823
MG_RS00095,BBF10K_001455
MPN506,BBF10K_001252
MPN464,BBF10K_001209
MG_RS00380,BBF10K_001512
gmk,BBF10K_000992
MPN642,BBF10K_001392
MG_RS01220,BBF10K_001676
MG_RS01995,BBF10K_001801
MPN199a,BBF10K_000943
dnaA,BBF10K_001437
MPN436,BBF10K_001187
MG_RS00150,BBF10K_001466
metX,BBF10K_000808
MG_RS01555,BBF10K_001728
MG_RS02380,BBF10K_001875
MPN278a,BBF10K_001029
MG_RS01615,BBF10K_001740
MG_RS02110,BBF10K_001824
hisS,BBF10K_000791
MPN100,BBF10K_000843
galE,BBF10K_001005
artP,BBF10K_001183
ftsZ,BBF10K_001066
MPN233,BBF10K_000979
MPN504,BBF10K_001250
ppnK,BBF10K_001015
MPN499,BBF10K_001246
MG_RS01990,BBF10K_001800
pdhB,BBF10K_001139
yaaF,BBF10K_001133
fpg,BBF10K_001127
MG_RS00835,BBF10K_001599
MG_RS01835,BBF10K_001778
MPN517,BBF10K_001264
